<?xml version="1.0" encoding="utf-8"?>
<options>
  <option option_id="wutime_uif_available_forums" edit_format="callback" data_type="array">
    <default_value>[]</default_value>
    <edit_format_params>\XF\Option\Forum::renderSelectMultiple</edit_format_params>
    <sub_options>*</sub_options>
    <relation group_id="wutime_uif_options" display_order="100"/>
  </option>
  <option option_id="wutime_uif_disallow_usergroups" edit_format="callback" data_type="array">
    <default_value>[]</default_value>
    <edit_format_params>\XF\Option\UserGroup::renderSelectMultiple</edit_format_params>
    <sub_options>*</sub_options>
    <relation group_id="wutime_uif_options" display_order="200"/>
  </option>
  <option option_id="wutime_uif_enable" edit_format="onoff" data_type="string">
    <default_value>0</default_value>
    <relation group_id="wutime_uif_options" display_order="10"/>
  </option>
</options>
